"","c1_1","c1_2","c1_3","c1_4","c1_5","c1_6","c1_7","c1_8","c1_9","c1_10","c1_11","c1_12","c1_13","c1_14","c1_15","c1_16","c1_17","c1_18","c1_19","c1_20","c1_21","c1_22","c1_23","c1_24","c1_25","c1_26","c1_27","c1_28","c1_29","c1_30","c1_31","c1_32","c1_33","c1_34","c1_35","c1_36","c1_37","c1_38","c1_39","c1_40","c1_41","c1_42","c1_43","c1_44","c1_45","c1_46","c1_47","c1_48","c1_49","c1_50"
"g1",215.538386539836,447.060427556103,612.975511188103,604.5688677138,428.311540335649,346.498218727786,942.174384058744,828.460132434706,557.086375130593,712.835077543145,680.14783171484,457.572507060442,921.297250785197,768.893027856283,856.192057290489,526.044154564564,1049.56008628584,582.298681966321,448.380842892127,513.241071983107,714.951528131297,689.55852912764,362.340541719125,752.960976388856,789.194278743618,642.285256268678,102.006647090176,70.0523349379914,523.947279544695,51.2633341184725,1.70851670438424,264.679518812918,0.784111022949219,697.257173464295,442.956600422638,5.23824755102396,9.12868265761063,5.1518811355345,57.4950777572104,148.818913651926,7.42028647600955,155.449893548167,79.0343338696525,0.63817465910688,8.0781113053672,44.565575170618,382.820635147763,1175.3548224178,539.48632789239,456.472040904707
"g2",323.302504363798,242.133706773289,327.865211060431,625.059765618389,431.61425593605,593.551071553103,632.322458869526,419.029647095847,635.708144438762,365.461952968688,514.226493095841,668.703801122653,477.453086686213,484.424967584014,439.943017025005,496.013502363504,484.525757903439,447.004264194755,281.908452406639,313.300063220715,369.329291637828,362.550025858405,483.562663218293,265.12021536871,410.165006816161,139.952130409637,127.331335320393,131.566551297191,309.377884215593,235.569704629246,82.689363561742,203.635672310296,56.9331335144593,149.870289339209,106.695421883241,254.598228181625,117.689794752713,212.23518114889,111.53130866534,122.78936083927,192.440843529477,151.616037096241,337.140641225039,188.642238307113,308.276917024306,397.19639416781,170.192741120608,253.632782360364,229.294272424107,518.888379775991
"g3",499.145702187985,395.519807206516,515.599233358403,388.699046888554,447.823750264092,385.23507852665,1517.32753816691,950.467452072645,546.554317498527,727.900464549977,371.980692439745,652.884199684407,603.020229516832,787.370920288166,353.543619358017,466.314355562627,385.26076022469,531.400019221378,304.096384159361,342.429018119744,465.276634375786,405.419480072552,633.24191849193,356.657930902652,210.829023772404,545.093967280878,400.842132047973,268.011610533355,522.17946251449,5.12563022552058,4.55993878655136,112.023176217895,6.24283368466422,77.3921581222752,212.328061043181,165.324273053957,546.060299851109,61.0334065022121,24.0233849111404,228.709169366404,223.682415421304,234.184600314244,199.121244681598,236.589270327012,439.133439111037,603.873871847734,332.657853657633,408.632269802489,892.619382908803,542.927084014531
"g4",1151.66527539644,1280.31032443816,1376.85220614898,1233.92984082732,1092.02901157552,1560.30328926978,1148.39796197486,1228.68210507194,1217.32571415414,1218.33104295026,1111.39491043863,1105.58268493116,957.302787055331,1088.35364962786,1366.76991843069,877.339802404227,590.784085845049,991.670642533786,478.904475700665,625.990151815104,835.446182895705,416.959756499533,705.23631839521,956.074890226861,883.012824905558,289.63970016821,224.804888601089,892.600292701739,139.659872312714,512.450670260139,77.2101847530423,34.8064172531214,119.927966442335,862.723460401173,179.966397966567,392.48715519677,1008.94446910873,121.35386241781,905.556877397128,694.029842883152,423.335684282392,1141.27537029944,853.91341248523,830.677067107587,1147.97533366131,889.045637099581,924.254586716832,1474.73822068511,794.900218802767,1287.48070931856
"g5",398.424638232632,296.561339047125,432.12372256297,299.179603980458,487.519619746405,742.341160866722,391.779672395634,359.429933683859,324.46364513656,354.015945190589,594.514828131865,229.66158053219,173.942584061028,156.558237540061,73.6049164338929,238.7140705393,153.671234951723,0.225744296330959,4.14427831303328,7.76451702229679,3.27460607048124,3.40840499382466,6.96530565852299,2.85138524137437,163.790919939054,8.64838174544275,6.86858411878347,29.7446233686414,189.999921525861,9.94536667829379,7.82827708171681,6.69515437912196,1.56389553332701,5.56919400347397,6.35842215735465,517.405608734924,120.686347122361,89.4929114529839,77.1168013299825,509.312935139597,23.0564305047731,116.059425072565,862.835568039591,178.81843552131,146.623177178985,497.73309990381,231.003379727734,227.188567573977,985.07178678482,611.795307533743
"g6",340.648193947959,348.999512651951,297.614256761505,563.759634552718,669.468009963603,712.693942399246,340.787595331368,311.835168919923,285.420882576959,174.194027192998,340.658191995271,390.426019387156,312.815302373431,77.4124424017185,30.1531857639229,583.694990317643,8.54456563247368,164.85273391205,166.417748027233,235.146214969328,139.358936138652,30.2789844569988,2.22277631051838,10.4438104144062,37.3311073514989,1.60159574123099,48.7599511767557,5.42420811252668,41.7853810657201,2.38895223010331,1.60981667693704,254.445332992546,109.738391407916,159.292541276105,102.229193535302,7.09858262212947,6.50280888425186,113.21372087984,57.4178196526097,191.767708499052,453.699145673523,244.695771253801,290.585033202123,416.593248950496,374.367898848963,472.013912428327,753.53409966494,375.150682477768,682.072308896926,394.678839159471
"g7",351.944344722731,316.263643909239,325.832460668692,306.282271319091,885.838071699131,496.357381921439,294.214931098012,171.773108361283,404.712003621649,418.843227456439,193.973075415801,274.308285055731,209.110561906967,144.822228180875,219.301638100729,4.10703468136489,5.91913481242955,328.438330840894,71.0967833306954,5.79877407755703,7.39372435258701,7.56289924494922,112.5947300052,83.9147585709634,16.2434851632632,5.31664512585849,7.27586447726935,0.688660235609859,5.21336587145925,4.26169135374948,8.77831788084964,863.845683858289,75.6884754775548,214.29331063362,344.488815181823,208.455112311782,4.87271816469729,203.2574411782,423.36049549841,131.245363935373,129.475360592557,223.58480044685,239.787670791431,414.732868237727,261.652872685396,436.905716746432,487.041686979104,323.31617551514,606.17428084689,437.26269614511
"g8",741.111294293679,1354.04581695988,720.523339915592,789.008562397393,576.596171915937,519.497781277874,487.571495391659,488.790923964912,563.229820979061,421.033729625293,637.384091323465,507.144080593044,551.91806012153,80.7755328913079,563.170441643642,137.685300967464,7.19575713854283,178.516325657623,0.485708080232143,5.86575106251985,7.30379341403022,2.68333908868954,119.503997886688,3.15323582151905,715.625591286716,0.175465093925595,9.76763835409656,217.55889873977,56.7150042812485,2.00344147626311,8.29292587935925,427.821120102078,2.82457980327308,0.911285562906414,180.665305157356,353.140545146529,585.404788956105,227.579424492295,811.515053505079,642.3118963148,427.550843283832,300.731623186576,776.840687236643,815.422915976062,511.687365466046,1106.16105739749,730.674507532487,589.086270877322,789.529119662368,629.018751776081
"g9",297.302655094662,482.992605158127,164.863657473246,388.082173808392,136.677822093936,86.4479577349664,82.9003392598469,78.5232621735884,53.49036036793,290.530698684473,252.375098031057,173.283532251389,14.4072184942231,148.292994873858,7.5514135020785,0.644712077919394,18.1201741947514,26.1627918081017,5.59925442561507,0.0423022685572505,7.87088634911925,32.7960585488822,99.5024880605029,4.49114974122494,2.29042058577761,3.25304984813556,156.845862063644,22.699757424644,66.6758601835638,123.484032481398,82.8413905505585,142.953677413389,52.0839765256204,81.0717845668395,144.910910830726,146.331478065807,222.59890726569,186.180676051478,321.195012374831,167.417191345818,215.947525393201,465.366230770454,320.61698892307,435.247134034073,252.357455551333,339.279658962374,324.017879365582,523.326386461121,285.800835580516,275.62421023809
"g10",335.309143163779,743.431848117985,943.281959063653,520.268982570261,437.510525891302,423.96949096024,297.072143771976,747.937181753184,521.122002038366,75.8064044482038,235.431189460839,689.048868600971,138.359494019041,4.60407214006409,85.0073385452514,606.334054369204,44.0080204630678,7.49629794852808,139.565956757911,385.8950760483,25.4528121551656,199.259290371054,713.947545045337,814.055463003981,243.745649316657,49.1088257365563,900.524275868817,497.78685199561,791.451175705416,403.358157540315,453.328191273515,488.125685346056,250.497329696967,345.850743638648,1330.4414712709,556.138568489725,516.702969877828,653.3425211112,584.843936631927,838.844243626931,736.092643957341,781.304255976304,764.737571730129,677.403726987603,1152.0034691757,553.786243206911,985.20758094297,1177.48636958389,857.004431607827,704.783914384329
"g11",458.856307901441,239.969860169277,172.142839302869,120.884108525209,66.8436814160548,467.59278322529,2.57702969945967,7.80529125360772,557.050725110762,8.8998399511911,126.694242889496,9.89713232032955,3.16075462847948,4.22090861713514,0.0225006975233555,4.70322464825585,64.9101410757171,3.77520048525184,0.0681501277722418,5.49876773264259,465.609103637864,138.534334548712,8.89230284374207,7.55179342115298,0.49544075736776,327.329642849507,100.19312011366,337.382106942234,9.14964585565031,169.946739005117,209.847313699627,609.672853552909,136.203871649133,221.910288276592,400.593393190645,487.160346621833,267.374913823968,406.829750749633,464.459136280036,367.982604755602,414.338759289906,473.168316781902,635.046838733771,445.339963170307,417.546259012193,671.812831558988,450.311107298396,660.289369658101,613.876813465415,414.016908881252
"g12",1077.03302537522,542.012308271332,102.309397708629,174.935889915439,183.604568393566,517.754417181633,1.18395544588566,464.067310557526,7.69245472038165,175.688457091959,4.14933137362823,37.8432846642145,5.68250177660957,9.29902666481212,7.95577528420836,4.46871039224789,6.28085437463596,8.0482945847325,7.52440204843879,1.06198302237317,3.62382205436006,174.872403904788,0.269864581059664,442.055377458085,598.141038287854,2.84168174490333,537.83427438791,210.005181625306,234.154566045904,972.27348642086,247.241352193144,422.595074311457,573.25709976187,724.931625624589,497.643497774608,689.033778937687,515.892769867601,584.733852946519,684.804046025544,1502.64012880379,655.838844945424,920.604688471932,1021.83938585756,944.525242975609,879.267916418059,1185.57555458639,811.991568739441,465.927189586025,980.569554539327,358.485211906824
"g13",159.692972711039,252.477402324872,135.938023342026,58.6719784229029,74.1894341636442,30.6062630226008,0.0898597482591867,0.0259743118658662,64.4597546285351,9.08777107251808,8.86845818953589,2.76597942225635,2.86833341000602,98.2162086528127,7.34671561280265,7.32546026352793,8.04100173525512,16.5851581503663,3.00669940654188,69.1490114189597,7.40317722084001,8.71472885832191,260.840650847985,146.911757885007,153.802642479239,46.2605097654399,263.973032301115,82.9085425661105,122.99062263705,164.875556295688,197.8625778173,222.856648497877,206.470577390293,248.998845503055,283.869222112599,379.727686586092,255.092553106833,202.817116612327,185.352178539433,755.916396143684,304.183581414089,186.464267510372,394.485501211752,308.392621588152,135.963217060191,297.715115783839,500.881713123773,339.928242448239,188.488324895222,119.181501474464
"g14",360.560373187378,635.598806228916,803.016888811344,1.15603241370991,8.4154517063871,531.632619890399,166.088065652043,7.51483047381043,1.67488533072174,4.8951197299175,3.28059924999252,353.891320573202,679.727521640957,228.015200664401,225.277964881075,11.9672106040742,306.176571548952,7.06860374193639,87.7032345333263,297.682554565775,702.284683932608,346.190373194715,765.711244567745,698.550439725337,577.776107129486,505.07402721659,933.64471147467,591.252756036994,787.35873330142,768.567661395201,953.50212438768,625.046717588059,747.55536058084,665.081581675639,759.926944905011,780.896533397147,983.373861175791,1796.18870462109,1233.75093234825,1125.76905448882,757.09356515567,922.493585862456,1125.97168150574,665.092729926144,745.18222517973,365.066883767559,636.114569093651,324.617987790898,585.109311113581,432.657498262987
"g15",2.45688451572921,1.96831845445558,8.91381870256737,1.59305988578126,6.01157090859488,8.1793394847773,18.0382304706144,47.9415405892839,3.61736163962632,8.63445335766301,12.5779524655773,4.08226128900424,4.62977244984359,3.62189586274326,0.4887401801534,55.5006138328885,8.47453254507855,6.22028643963858,8.14459971152246,0.863688425160944,2.43983943713829,466.463260237674,20.6664607377595,128.198196744833,98.8492427760663,372.440216485466,163.411776093637,249.945609829283,172.713856597159,211.784331877685,491.216296894766,268.493456335151,210.646352654064,329.193964729378,206.406238563528,410.792900338108,422.554438917354,233.85640010677,221.098135644601,275.113496059088,256.873728809326,341.969166400629,283.967817790332,327.981968679332,378.544401045483,42.6854671740489,57.5839651133097,57.751392768431,4.47728276252747,7.67720488831401
"g16",43.7551753413018,8.20677547482774,11.2232934004806,0.190988210961223,4.26037028431892,35.7411861819874,148.667083618696,7.15616714674979,129.513006495931,0.293606766499579,24.2711101940945,46.4687949517882,185.230503033711,122.071977993834,80.0413288393306,7.15057717403397,134.710070828411,123.623195463739,8.05667289278915,98.4000902863916,121.76172216187,217.94638567727,141.565216875851,132.562048141461,90.9017750136423,137.940520323991,128.656589219763,119.005817102328,287.075560925505,180.247669723786,158.143022038185,100.807220275086,214.073552067433,280.474702218339,200.312386611403,136.516816346742,129.955696379092,156.194611310281,124.28360143986,195.442254219105,121.402097938513,136.189231258106,171.307418205308,106.431322327121,103.997771798459,113.226631997897,147.376025009537,41.1311205765166,24.8985346059472,2.11472621710946
"g17",4.28151206579059,3.48446272779256,12.389307180779,113.126388755317,1.50248340796679,59.1663293971516,158.564175731662,0.129778194241226,46.3253309234831,6.68621144490317,0.852377659175545,382.426643389725,9.67936319531873,3.52278995560482,531.547951969429,170.048388281609,75.6302094269479,53.9650853583425,108.876196513006,153.500867985244,334.899156577065,110.793393359969,230.786185056801,620.493596280275,287.729054322203,224.678464614118,152.346323194027,211.718205039338,234.249812932986,425.623309474355,194.574834046496,246.693286124482,180.548216030352,218.881633989653,334.990076401027,194.30502161317,185.136933061049,275.505078940117,192.28301833905,191.590701550134,43.7396160398854,231.97376309978,43.5120892435332,301.585409164414,66.2840726283907,38.2771433617449,110.64556703575,48.3932962950161,8.88164638541639,82.8082962485736
"g18",177.470538525311,615.438109958206,470.554978109648,353.30216221716,417.940788148085,146.88050224284,391.793332809421,680.606730272165,529.466643021947,775.990918765909,638.390172403681,770.394231672495,1111.42984427002,811.155162370631,544.342532170264,695.571586221463,1064.25107253951,970.918156398023,1812.98034541812,1357.1440967946,1216.22613561403,814.181190132473,1418.28129129953,961.610618491435,1325.60967932533,1270.73103088318,1729.82694904188,1056.80463752001,1898.52481359902,1604.06996857605,1813.88981666162,1362.14251645891,2106.63646285623,1275.91100148188,822.372904591522,1718.42560995312,1645.98159236337,817.680171976316,601.946168906485,1067.62655969264,1274.70215161251,828.763179386456,1191.34164557355,377.261478293331,322.953432784121,599.636626948117,719.570010542438,463.293084494423,279.328420495155,13.5036547064698
"g19",0.974227411206812,5.49520029453561,434.782710228466,2.09381993394345,195.058566024935,8.88241093922426,157.981329924848,116.705965004532,17.4941984544375,99.2256391194315,256.021698427417,254.599475819445,568.108882721511,400.401544105353,427.690183130947,480.671386092071,687.564453076214,374.1508381555,621.575851136839,511.653661455116,378.838961318686,963.975239853625,603.977758147798,799.459743091889,637.124455527007,588.57941583294,664.613653743469,558.239140932407,798.238866526035,450.403626806715,473.385748163725,1283.25283161546,389.6752857996,733.709337240922,354.522451726738,305.094773104897,571.413440475588,338.43726236447,672.269507747357,363.947557529341,226.531431931575,2.03839953255296,582.786986446315,277.742076221638,7.86156568443403,9.65277631301433,5.2080166619271,130.476646717421,9.98773039784282,9.74981114733964
"g20",69.5930024216334,88.6829309477753,552.606538212246,130.202024107318,897.439988324191,548.075459924003,589.617673276548,686.221436756084,823.813359016309,792.456827005702,878.726248367034,682.680876914997,831.961783941009,1002.75480549121,1686.11073121227,1190.29021954449,851.007165284541,1248.37620693512,1323.50931829134,1965.28807733508,1816.251359471,1603.59846643954,1277.26039448181,1941.96901582846,1831.47054664448,1260.78885033707,2069.30141509052,1521.11809583519,1457.9894576649,1571.69290875283,1411.179667222,1426.96462090492,1110.43956418345,1890.39688392963,1213.41992841196,1272.36146508532,1179.29640610374,593.961428771555,1362.42444135823,1687.10124146567,282.14678850681,697.558438879272,358.273241051697,854.437972140612,1206.60648334153,1045.78422014322,1.12374030415242,414.289487435952,651.078695955053,859.606825565855
"g21",14.2535685410798,9.09165130695328,3.97232021534528,1.15351168205962,101.208716467464,90.1380886674775,89.4012055977405,38.3284263627328,150.034473503492,99.0686518462323,107.486310168851,227.79093478616,243.841941424116,114.377805677107,122.7553358918,257.241220438336,150.80126306326,169.050371227552,191.559616418018,305.153103622109,255.288448104262,179.431994020527,266.195893804131,248.15172036564,162.31927671021,137.445344056734,171.855096071537,191.846360262288,225.528458849148,165.373095725224,333.631748956444,171.267413265941,91.1830422906153,30.5920916217281,159.903567508834,250.380541885813,68.3184453504443,54.5414026879277,87.9409326549863,105.708229584489,2.69094357499853,87.0835458038994,47.0286133143361,149.418016245848,47.2635797999685,7.01650700066239,19.8035610496376,1.44013387383893,32.8935440285897,1.74751262878999
"g22",316.096306724836,110.391124379061,3.0809996300377,6.17836240911856,66.9632639315093,287.622039805,105.251753799285,339.450354113076,403.091170189887,164.169626459594,554.746032868367,1073.97810362077,329.704836862772,264.687035709144,496.800047683691,536.478901984977,625.191934711851,307.409757612281,677.15853846956,549.219641808744,898.610872037471,426.280017523538,403.041184059813,528.559392681404,640.399760876185,485.960685084802,240.712772215825,333.90731923539,415.301121161952,439.028244502413,506.303490109384,185.55702179675,282.518653684415,154.555570003897,147.336333849852,7.94980035948039,115.847935791969,0.45211844748934,263.58727408414,253.565485807311,8.58574417186901,8.76999313011765,9.10591925727203,4.15347452042624,7.50655723968521,9.25687379203737,3.68093494558707,115.612716683866,8.94533566664904,78.9580756655479
"g23",6.37816473862578,26.1350859690802,121.815079523607,129.430008012672,123.832383088768,48.5594632636084,177.421702251615,113.171807890687,160.918206268997,349.052931112859,225.626713417796,543.101638361756,301.894277821651,242.186013605483,236.453584932898,320.191585226386,514.027889854342,401.459072277592,413.580561789393,275.160984922481,284.084564625985,254.559872947585,381.308721897597,152.381167707488,219.227412751065,325.533672470868,112.788676799286,284.174401397088,185.854573468279,52.5690410712942,131.798505827549,112.711060759395,1.75999325234443,186.674686559051,45.6251584956437,9.6377379540354,5.80797406146303,124.363259689865,3.3163611870259,263.138071453738,6.84506895237524,165.177089554681,9.22463261988014,4.18960495619103,9.95861707488075,2.00409751618281,3.22710981126875,4.43978855619207,3.59349496429786,261.343555877973
"g24",135.083188700014,167.06585963925,50.7547249277816,415.236090221439,112.098213408483,181.923514599373,392.660261685269,238.664532826409,204.399913845392,159.546434014932,248.319663229622,408.350881934186,289.453570663095,242.248306172082,304.523929033966,507.191667833375,365.026970134807,337.377687851034,295.344618649971,288.750740298009,193.082358667863,390.934609894224,180.241630456161,271.553967849201,142.958049949674,212.128546411569,74.2968153657694,422.496494706046,60.3988136633713,7.67526358831674,49.1978585512859,291.246848981816,3.87982946820557,103.29284490896,187.821112218093,92.9997209057785,7.93725457973778,5.38078128360212,0.591361338738352,71.8155554841523,7.53373356536031,2.58511484600604,7.10030444199219,7.89368215934181,3.77008781768382,3.67974939756095,0.089131042646784,42.8225684903292,154.866864337024,8.6285663000308
"g25",60.6174266790631,166.778701577011,904.290621805953,361.834653639048,707.631011134242,327.358281325085,350.362022763382,621.766409386238,569.938216992742,584.900847527738,717.229953647043,614.637259327251,439.49492681995,546.097666217669,668.514681105221,779.104249566125,929.375608724695,936.523717765205,476.473909710339,666.3454112103,671.036280018726,298.613686273344,916.590476471052,277.148640255802,327.673245744926,344.165333891498,70.2853186641876,101.132342771051,252.494629849379,115.10268986097,8.72718767495826,118.346296536978,1.64772378979251,349.114818211908,318.346223103181,361.015221009126,1.40913578681648,4.99125316739082,1.6515279863961,156.512250404413,73.0054367684336,129.356810193594,147.53698972478,8.97475116886199,5.01246221829206,5.09012708207592,162.959907009761,90.8671336578485,327.277008845431,58.3616676473941
"g26",26,38,127,5,7,2,40,29,19,116,5,36,159,133,2,85,39,2,2,68,152,8,27,3,165,225,56,11,24,43,6,49,173,12,65,23,67,44,19,129,11,36,35,58,17,26,16,13,31,61
"g27",1187,412,468,169,896,282,62,109,636,284,676,141,739,15,144,96,695,415,728,567,368,463,271,107,1074,1085,343,122,271,257,155,615,532,442,93,191,764,359,71,142,559,77,744,189,222,659,205,385,91,260
"g28",6,24,2,45,64,136,242,1,371,17,1,43,369,4,37,27,2,17,69,114,43,2,22,208,1,137,38,140,8,29,13,36,12,1,30,1,525,27,60,561,182,81,6,32,55,33,168,25,47,369
"g29",4,9,17,1,25,3,3,1,15,4,20,2,11,4,15,26,8,2,5,10,11,17,12,17,24,20,3,3,11,1,4,11,4,4,11,1,10,1,4,17,5,9,5,5,18,6,2,9,1,6
"g30",49,27,63,46,51,31,19,13,49,18,42,20,19,16,44,21,25,38,17,34,20,50,32,21,49,45,42,45,38,9,48,34,36,50,54,30,40,65,53,47,60,8,9,44,75,19,25,36,43,19
"g31",829,48,399,399,415,561,300,337,447,847,196,477,152,514,6,114,117,394,100,377,625,143,1014,432,930,752,56,335,395,30,556,139,208,199,138,50,142,451,730,88,333,194,436,506,277,20,63,722,589,112
"g32",76,95,1,31,30,51,52,1,23,8,3,122,1,148,1,78,225,19,165,30,99,27,2,2,83,28,145,58,29,172,168,382,7,255,6,205,89,4,6,20,3,22,1,125,2,40,22,13,2,135
"g33",21,15,24,20,8,9,8,27,7,6,43,25,9,25,20,33,1,15,41,14,11,20,11,22,5,10,11,11,10,1,13,30,16,32,33,30,38,21,3,34,32,19,21,18,14,6,8,21,8,31
"g34",629,939,383,90,227,66,571,225,251,708,243,262,154,156,148,339,304,679,219,74,614,140,502,507,314,356,194,255,584,330,51,378,274,187,316,378,301,415,304,802,148,246,85,211,153,107,376,86,254,1307
"g35",73,60,147,1173,684,58,456,140,470,172,120,80,367,291,198,322,604,536,52,108,306,189,176,1072,438,277,324,173,381,81,411,294,229,185,83,425,347,138,153,124,430,566,138,1089,108,568,396,910,277,109
"g36",559,115,391,830,731,215,456,115,210,170,414,409,207,376,32,188,398,286,150,318,54,350,953,347,441,249,226,189,58,293,748,1910,194,327,1073,234,201,622,65,144,307,281,582,78,531,164,35,134,469,70
"g37",33,233,456,17,52,31,326,12,2,5,15,53,152,5,108,2,261,14,16,108,8,7,253,129,933,76,98,50,120,64,129,249,525,59,93,47,8,111,71,9,31,14,57,4,67,23,64,16,85,3
"g38",214,161,55,373,432,659,320,312,208,243,220,121,274,96,139,205,355,392,182,69,265,317,96,285,101,305,182,84,330,358,337,318,407,454,114,372,258,157,197,117,392,61,92,572,132,192,105,456,451,293
"g39",82,21,2,256,3,30,2,181,427,38,35,2,73,13,43,175,21,2,4,436,281,278,16,1,14,333,85,357,302,28,130,43,52,59,1,37,16,16,274,44,277,75,212,38,264,49,3,59,160,108
"g40",306,34,119,9,187,204,267,140,188,351,261,374,718,285,154,590,535,370,531,266,1122,434,675,897,104,13,198,867,172,179,297,932,189,653,26,155,117,374,429,53,347,351,522,228,446,108,48,210,222,217
"g41",201,776,21,42,1,59,14,2,16,37,414,76,124,2,87,9,33,156,12,10,51,25,39,2,50,189,13,12,13,556,16,94,192,27,32,35,8,39,392,24,102,58,75,87,74,13,278,105,10,72
"g42",24,26,109,165,204,2,107,79,7,27,220,48,262,15,10,4,9,371,81,32,2,8,1,2,69,47,23,19,10,112,68,137,21,52,14,16,41,69,73,9,35,21,70,5,3,102,58,116,48,5
"g43",10,3,35,3,62,27,2,10,1,15,23,122,556,1,325,29,104,50,772,405,3,191,55,61,119,33,1,21,8,25,6,5,29,168,9,10,104,6,42,34,47,6,102,69,19,117,12,17,89,39
"g44",27,19,67,54,23,10,66,5,301,264,448,1,130,73,85,9,306,46,1,26,8,229,24,3,3,214,65,4,4,1,104,14,136,20,18,14,127,81,170,112,1,494,3,316,171,116,2,19,4,83
"g45",2,37,7,33,8,26,1,1,9,11,5,13,4,18,11,26,4,1,6,4,9,56,3,3,4,2,14,35,9,60,1,1,2,3,5,5,4,150,53,2,13,6,43,3,27,1,31,2,9,4
"g46",73,1,656,18,56,1,7,2,1,1,156,1,272,2,36,2,3,357,1,3,177,491,5,204,101,113,2,3,226,6,889,22,7,8,1,1,165,41,17,1471,40,103,9,22,1326,32,40,166,5,69
"g47",133,28,8,64,27,2,1,103,49,1,159,11,660,81,15,185,4,11,114,1,89,12,13,93,85,1,413,4,28,1,36,477,88,61,39,100,2,87,18,2,173,102,93,414,1,247,140,87,32,57
"g48",1289,409,239,422,371,243,205,188,1063,860,603,240,421,59,1398,249,131,152,148,94,356,159,395,277,614,101,531,387,212,211,285,683,438,289,210,145,541,821,265,509,276,932,190,49,111,1174,514,335,313,188
"g49",1,41,105,2,3,3,11,91,1,1,124,159,1,1,29,2,111,147,19,2,29,3,1,1,1,28,32,15,3,67,2,13,106,26,8,15,13,7,118,8,20,7,108,16,11,25,1,44,65,86
"g50",21,1,13,88,5,33,4,141,120,64,138,197,14,46,60,22,409,707,42,29,5,165,8,3,33,220,269,85,51,7,306,26,24,80,1,105,306,2,97,25,777,10,7,5,5,33,94,1050,1,1
"g51",1048.27517577239,106.467746239919,97.7913848774797,149.702737974244,156.404857580196,374.58919868039,140.521555978699,211.874519524683,355.863891215287,175.948433338084,347.904212473048,177.506695436414,311.353600584661,257.394354604108,209.768481822873,131.13440967337,176.36896359263,791.940778452876,274.712764950383,267.461669946407,86.9722985671414,89.7808091796399,138.233334961287,23.9434386562705,220.443355274332,166.273648026213,9.83155289199203,2.28738307254389,9.9545639147982,15.139271435814,9.24940931610763,6.85457239858806,19.6774143160104,4.12837971467525,30.4598227468124,9.44931539008394,5.76171658467501,3.09019695967436,7.28403160348535,7.51107984920964,8.76306998310611,11.9246633464612,7.52974346047267,76.5736287949545,1.73605566378683,7.83959412714466,2.13489112909883,5.25264649651945,38.6524942580084,46.5130182513969
"g52",1819.81191811583,958.916600233451,867.305153196029,1020.52357593581,1235.31719549656,1078.97126785936,772.215237950074,991.370000553209,667.49159930289,1637.96380523712,757.235770947956,1065.59537703018,972.182744329866,911.95494783949,1100.78142652685,1261.18330901382,1209.18472018164,759.170102281439,823.048230367337,1241.62449656408,445.043266646284,509.165123431885,840.228276681733,461.938640339148,665.373545674105,902.495501410321,508.492387953616,0.554161136579069,533.535404749747,724.588423311442,203.614566598689,330.72048305343,758.242321704928,261.462807642826,442.719761588815,47.0091580483452,314.274624597447,97.5574664401695,802.286363356783,278.436569282114,475.717808975333,656.210924398771,494.671522683741,337.508076967885,438.210274221564,558.851734125822,536.199072536236,562.630268492497,511.812335236396,1096.30113717732
"g53",218.150583108195,633.485023657761,444.325645393525,669.6209068339,427.155008477408,379.24417340623,324.066179930842,672.117010674702,671.278919261286,409.143464587476,374.358721805523,812.66653288801,481.94227973202,465.321731540561,324.659146006005,596.890513012008,342.817052073164,450.542248765548,402.286152777553,232.6184562501,58.018715680611,243.498252006521,394.074258405213,39.4359959116634,394.17987296843,2.30307493591681,8.87678561965004,107.739598383218,131.840054860379,100.47472780679,74.3152654981167,92.9645783217411,1.29567741882056,18.166006729366,249.788625267196,1.70102340402082,9.62343345396221,228.453674036323,16.6642923398148,132.040382892816,39.7789907913264,103.264531855095,46.0256021094157,76.1088287401446,44.9204970885775,187.272761718785,67.0662652397878,740.968200460451,421.514270217299,229.04074848104
"g54",225.543017942982,214.548913802135,293.32592885157,251.394969442548,299.842120397483,257.490089180855,237.572139796507,316.269872463139,203.401704676603,286.370463356056,290.735059902029,230.373929159953,265.209304184211,288.909887908576,296.857608577004,150.670413085814,212.159550344305,263.47961359479,274.259072020988,113.367491675154,154.84906066665,237.261133930883,199.025137935789,144.728605435087,193.197731863971,165.011467492408,153.663338755213,23.8461571463854,141.026742860736,115.049939509453,136.272998525197,146.409281931055,218.276675449907,253.979291467415,204.042806810803,127.588895576177,181.561330602733,182.367761675211,137.137849041811,203.622686715102,176.687619772634,190.171148091692,94.1067971641831,196.828227000881,199.833371445925,178.597920966334,216.925907366328,413.014431300397,256.23084940083,387.860237899847
"g55",1286.52529833499,631.757542199434,490.851800191286,607.816115601164,635.669172080535,511.088809789246,772.978402809879,634.818358341936,620.075956294306,635.572996809744,481.838850439031,583.205531941295,679.97789333351,598.986740107925,334.519159979567,806.53864293464,217.686353687979,172.745346930032,232.362051701736,235.64130410669,442.321177868736,361.401781826966,111.243037135548,350.425390309323,376.089439874826,36.1791802500617,3.55326238553971,258.226058464437,225.684991523288,367.658930236031,51.4949331072266,83.4023411195568,2.20440386794508,123.091975317597,123.236160599787,284.586762828155,70.5378608828599,369.345922256649,293.220802622777,256.115499514737,329.962522815072,529.783031948923,617.00431162651,575.809710542902,366.194966948092,454.608439396024,754.692771547192,633.421619535013,593.398690426616,592.480453168754
"g56",550.946547755098,747.19401351326,498.818973205446,426.20967557601,357.780499962697,367.384073276419,495.339082631921,496.190227168016,628.770370225467,393.98521440545,434.415107992338,558.593540708804,428.133598207916,449.376408476271,357.858470047642,116.40182769399,54.4941590988093,272.96075229896,353.951764511487,245.590488205586,133.154822506284,227.247749981845,62.5574511457984,324.621647411307,88.9596383663195,316.59448175981,234.273396583886,396.482483043424,0.135211718734354,133.999416132355,63.1907337220809,262.537611828681,193.989263256418,229.765415076422,357.793913445022,281.359447163179,424.596263439668,153.471614724169,509.313410041389,148.396098090029,231.973055548443,417.95847632634,307.104337003559,529.015360333702,491.129184362012,492.573795356363,606.130186711918,555.998452189885,751.447559768208,661.983573786995
"g57",677.600637743147,566.862146358421,886.412920703691,1282.6622057335,393.923361704047,340.430507327747,392.874622252779,715.694540373686,755.348853336451,747.085880152922,624.566710342752,506.429872692224,375.169595897568,458.447393688145,561.000918788094,461.944961261715,339.353464566859,112.404430653496,417.826326501755,259.721283264536,67.5581573011044,99.2421836763457,174.595929613208,8.74423324596137,1.11643918789923,0.82894747145474,635.683348100587,197.70679385774,0.0483103189617395,384.227311878208,226.613056832686,237.736584018255,365.716479630423,217.934655735683,301.736878793144,312.678226913155,975.301372161297,519.885068095078,398.202884336566,359.596436584118,565.231714321219,338.144863833119,476.312226781561,1116.3936435823,464.690787977431,720.888121903744,848.658736084634,728.497856116146,1027.68494611993,549.743533623783
"g58",432.604141017153,1108.32904983087,603.03456023829,420.138713639539,728.953174393036,364.991406638727,382.248651012511,174.710631711444,492.638365459876,447.81896155493,129.002347069472,164.069455160148,318.948162270752,178.095121939525,6.06945217355394,14.1474459897182,57.3023439386044,3.48406153265387,7.70625406177714,7.89364008000121,100.676698502802,9.44790757494047,281.651136991528,2.4913740484044,627.192566074063,8.30133484909311,6.91353312926367,338.388476748784,8.91215493902564,9.51965603744611,7.94577249558643,62.210549715075,242.797046967687,148.641136469728,74.9947266902933,463.812590337711,533.711054127914,335.623494204951,359.536631157055,186.863244337262,982.576800838286,380.979161990524,373.656175060334,327.480540909951,660.324260133501,310.734318911054,492.184344193523,433.753416475188,559.042239509312,327.480975722651
"g59",395.337493821482,364.112984571132,256.727807977833,136.634424619914,309.763380937611,367.113416987577,210.017941779105,147.359335136409,56.7847279211184,466.680803180511,85.2279845816456,5.29931380413473,243.606186198315,89.9155382920815,4.56193278543651,7.69535426240942,43.7674862903115,0.638141743838787,24.6247697159276,8.45066453097388,73.1297886281806,1.69507699087262,4.418491339311,161.484741545623,0.991544823627919,16.7419774144463,2.31828225169671,90.4221683684567,114.401773969981,5.39409697288647,148.817418611554,7.54568414897418,128.174692272207,190.819873663806,346.07134004972,399.172843777618,86.4123974445376,190.295872177805,131.930282217808,225.542315712499,141.867747736949,201.514408624276,139.35415193136,194.580189278697,393.880959390745,173.433406420759,232.255020537338,533.98791508485,296.620987728582,319.304132763941
"g60",349.809518526391,448.594285168965,191.104245165256,371.703932423763,209.005270487274,392.508097093109,100.744995737824,43.8010182040954,394.865499999134,2.17260481324047,3.83310874924064,8.37360840989277,178.37403732895,1.44186954479665,133.475856877144,21.0104129369682,176.990078584143,7.84461587201804,10.9175598057855,8.76985027454793,3.60093218274415,4.05002885963768,8.32931289914995,0.107828944455832,140.92269553929,1.53092657448724,179.957749940167,4.27131883567199,5.51709864521399,172.015149264116,21.0144580478648,509.012390620838,161.889706830198,444.411259426171,409.498621363019,260.728625190457,459.936235234555,622.837371982729,479.594069818574,353.844718041192,405.977993241301,398.629725018009,395.395222638711,568.507675390809,648.232368381441,534.208124322741,340.351397188796,550.157869478954,756.654254311552,643.961066016915
"g61",996.34521745954,367.825900113364,810.996463960456,256.841570522323,188.314580660957,816.687435181662,460.388577166059,758.757436364474,106.452284584186,19.7109841117319,5.0808219332248,0.505061342846602,65.7114362755885,4.00227535516024,152.977862672838,56.9492994772197,253.075074758357,3.3904022234492,2.61170704150572,225.86594127917,87.4630756165569,242.234197486072,87.3096696628374,129.631977421015,518.166842897275,343.148628468776,595.003959235548,347.406345322346,219.233722732798,286.120590128745,587.108551432387,288.381884042603,617.360442529311,684.254540741228,461.900146904664,365.921120881684,622.088464767872,767.918090770932,666.335985285365,525.377616512796,548.153167461729,702.786472610273,753.594081808333,610.505845420467,479.026842690009,784.962653497601,728.723391923983,726.700480393561,767.304177622462,824.92944844391
"g62",101.835556264091,210.056542889481,76.5586746007754,127.584280886117,93.3812959738726,151.889484272645,2.32993876328692,2.08899907302111,2.24287481047213,45.7181654888682,5.19475552951917,3.70638992870227,0.235220424365252,3.17998063750565,9.22077446244657,72.6274969453577,77.1065972209904,5.86507985601202,2.33556787250564,347.592434572367,1.31723288912326,2.45238069444895,7.8337102686055,7.50293487450108,3.5467439959757,8.92998113995418,29.5750410170955,304.815678888215,249.40139859629,427.186652313154,163.055550185442,178.380227318355,406.085850002063,398.998972210767,338.603374158985,367.858365280911,929.021398788858,265.28910053926,262.367050416973,486.001095541317,271.795391549173,260.550402057253,379.408784907415,317.69526402565,622.751800544188,531.997476494432,313.642299291923,355.952176429339,131.280434515501,184.42716424557
"g63",43.2306575397127,65.2982159084309,168.638949132329,8.95343034761027,116.541859331129,188.434714193292,7.85404942696914,6.27646489412528,2.25707171484828,8.02586535224691,94.7542212912874,7.42944211000577,5.74394641444087,54.5785384351002,8.74204299645498,7.95493057928979,32.1327813928326,23.9448296243272,15.4259596048449,1.76079226011035,7.82266274094582,101.589540920494,33.7762275638617,7.6392981223762,6.29282597393377,239.51622117503,163.297752479869,236.786404691102,209.506939560409,296.127339566533,139.004718039921,235.375649729381,155.481179306377,429.678667890782,193.858373267289,284.53599660786,250.096184554153,226.704102929401,228.19159732936,262.715833437364,359.510949674918,337.515954511847,347.702318385178,165.227887599618,337.1032043756,262.323787965078,132.706519498418,132.722084299412,138.272516714522,115.890350883207
"g64",1.92747647641227,228.477750939939,7.09393020486459,3.62256821710616,5.32529742456973,34.362642531328,6.19452063692734,116.776622642504,3.39327132329345,1.59683470381424,0.561503686476499,346.547624214258,89.5233487021533,8.81002912996337,5.67769471788779,29.3195506004596,8.47769236424938,218.23346487358,4.1552075673826,7.6025987822635,39.6230052170953,76.8173360901818,4.35475333593786,173.767584442214,105.243907167796,182.275051804984,136.663386986197,135.911708059975,114.413850962399,192.263187934848,379.140601825591,168.556042322873,335.809537129552,285.921963935447,445.14009035276,856.544135092319,290.353820976991,193.937896024123,210.706032871523,468.257221141053,318.502937586947,319.010784182465,449.419018352307,109.413019687205,142.069452071674,81.1826041566114,89.7301354578746,303.127253406853,146.692916973834,116.050720107577
"g65",283.759277356199,136.567455369772,1.17725917836651,31.8736873541431,142.827887665692,18.4509189485844,80.0006184400608,5.67160799866542,9.56738717388362,0.769325969740748,206.590591635583,250.362421723882,428.913493861219,81.282487657117,8.36384482448921,249.68279667262,63.5434096876393,319.281894390146,589.239545661293,453.38611624926,749.760902261932,779.598250865602,276.984561720657,1138.2047481816,695.750086765278,568.438834466375,519.315476348249,575.146527893855,454.172788102561,398.056335733195,1030.57672071488,894.559826175818,858.038021103552,733.972236679087,632.443042163694,707.806366424649,640.782566875648,759.234046604891,412.723418966186,802.843984634142,723.973610703554,734.384482946557,364.316371245476,548.360181354083,217.320448782064,540.785607663011,635.522194303885,239.604841429138,378.127338164429,77.8376726384226
"g66",187.252922897509,176.199651920755,132.966441033418,178.629917788879,24.097632470188,7.06115215582037,6.10403794795275,145.788066130642,4.42026946227998,22.0779903374717,24.490529819644,257.078977461795,187.49171169053,68.5609921998516,52.3231511777891,166.075887850662,158.395070328035,90.3710165971323,172.823601482074,134.312450578073,184.928223849939,365.481376590778,232.71788688568,454.310350993349,225.640305716248,294.10708484259,304.160444047425,298.171333904138,246.626702165091,291.495626866604,367.700446810964,308.975679654852,265.800745617965,275.403672001881,314.865843190937,219.479880636931,254.899962568709,237.745666987922,230.149539912691,398.26622593954,282.160210276662,287.415355286623,291.699780692066,321.028313765305,209.663272574053,81.7078409463144,182.654154110653,127.12005554591,116.626797373847,151.908979285995
"g67",328.58290783485,284.858643861597,74.1824557394305,9.96763701550663,6.37216577772051,52.3104004795093,82.771997029631,3.85260329581797,3.69796596700326,34.1315973480341,211.425202788232,70.3180304080834,34.7961665246132,528.525356190395,227.52641567869,268.849383854681,377.042864249119,94.5657236134426,773.338425615069,548.703970233029,351.72704940214,517.880243119714,377.606438157757,619.837288461874,512.833973498335,582.614890632872,1052.48575643914,496.855098729826,878.485964064071,724.954253691104,478.392935009588,514.345699228303,759.386066538803,590.247892975569,826.797733371666,650.347061458199,751.111571855533,480.760667246949,399.772998941648,422.767912713164,335.572713034638,108.046496051636,304.148625064988,175.933498001595,179.780706345595,292.713129158365,367.433402250335,287.885400870735,417.502373785539,100.25337292623
"g68",3.26166690792888,7.22850990947336,9.15988550754264,5.32739729387686,13.5850269460397,1.61196859087795,8.25784464133903,4.34096945216879,9.31738205254078,1.0142721212469,173.882493554126,98.1576160473492,76.1323127456769,269.844703888476,674.838364480901,48.2697312999867,173.404363565094,361.010689463486,236.631191051007,200.557330295427,248.145619956353,462.819713294847,193.807845539217,253.637711434235,262.710459317483,462.084453053563,1073.87029387146,231.424235733989,449.347986907116,419.975006165798,278.936536267799,389.481029898704,271.436255104494,225.485678430985,155.64222034394,269.937767839735,168.440445590591,98.9773196591493,292.24846026656,34.3249757687146,46.7889977590665,8.26950248330832,138.404707314544,254.28138792471,3.59922328963876,6.71094306977466,9.11493653431535,6.90904720919207,8.92173192929476,56.4921256030768
"g69",583.990401943545,502.275661273382,343.359502047711,178.693326766454,621.167476320652,481.442531480669,192.184354848679,445.088509533369,424.350382450008,325.226193533507,451.049375981865,394.347402646553,543.334236807122,812.806561043553,472.109527147099,625.55129651756,798.655324908703,776.686266711993,718.764601187851,742.568173056155,810.357495407003,702.859023288474,1244.50925310734,808.803262363463,805.590097971849,726.057113153681,979.715275750688,694.132657095271,1075.05068869946,787.192405436985,718.950875430499,560.269886255412,705.145130634551,1007.14823799184,776.0183022223,799.108045347088,667.15902311796,654.90508120357,660.263985330079,577.132566118667,507.890823028039,338.463653542592,397.275913374821,263.864318329826,273.472804851288,612.14236255676,396.272373436985,765.268715994346,262.628085352784,527.901382288945
"g70",15.1826047804393,9.07147883891868,4.12893785629421,70.9275712692406,3.40880857780576,183.459595017183,105.499884710768,13.0244430984938,98.0552797698115,32.997916959441,1.87538843184158,131.899489199408,137.546402663982,251.394028113812,194.446809948389,93.6556402939285,115.704302305869,159.826174435325,220.668191948549,204.720643877491,264.860872852734,368.408712350928,357.109269224997,335.617106382527,183.711924785406,241.44320476566,217.890911503151,145.201113509342,160.891999517001,139.081528740916,155.030893553138,200.427967380103,116.757297416254,384.802442800762,183.026490235164,142.119098022716,193.536823812775,54.9321766367474,58.8464806206776,73.2916832556392,52.9208446575419,51.2673570494333,97.7873937070197,15.7439017952054,128.917840551407,8.57952394755557,4.82764432905242,121.796421265047,7.74891617940739,9.943516200874
"g71",8.82942805998027,42.8125435127825,165.591141470417,1.58883651252836,1.52605093317106,10.7376332460391,1.019310078118,0.276451902464032,187.502449687381,125.492154136955,45.9064635417338,167.042466805953,262.847021649006,235.778420519886,379.908452855042,274.311455836564,161.651324076508,182.374712957132,239.737554581815,212.94550216348,454.806601645735,369.851892857963,317.402838714473,488.918658494542,282.082475262652,310.545931326001,251.802369011508,165.387359840997,194.501470643066,212.533686915732,421.351790335618,63.1106168367325,135.792279464964,133.493645475745,47.4516951193845,138.074489540349,3.24287223862484,57.0132594408511,8.30020452383906,50.2802634121348,37.9142658067519,66.4988154379581,2.19648871803656,193.019327700187,60.900888150678,171.539237182178,7.19046709127724,8.93429856281728,22.2566690028094,9.75443856325001
"g72",4.89336009137332,3.23254892835394,69.6767650430526,7.33395976712927,90.9154988871501,114.418813244662,4.56264664244885,147.036053543437,198.169237873816,38.1484833933574,87.8967374944699,98.9895913621704,96.6883607440982,213.116536853032,184.50791841495,248.580969864564,143.862808321885,173.254954754863,242.550654342125,385.114715723701,278.25679442117,313.003371153972,568.387149425661,315.777398031385,150.135386650339,152.413731171876,147.810885228014,121.928734520427,148.889133367845,165.030447588198,297.731243112375,102.64906472158,102.968889851186,5.40410802932456,438.258567359172,7.53651852952316,7.52643457381055,118.836376312102,2.61167226359248,7.85653202794492,72.8115810087931,0.97513078013435,9.23335639527068,3.36906546959653,9.18382658623159,7.65832541044801,8.34149829810485,1.3534642662853,4.31563278194517,8.08234018972144
"g73",14.4147102353377,196.270874735384,597.828097094329,529.655802500997,275.225097099067,413.006573246352,667.839208562791,534.740937701518,658.023254865228,932.590838114364,750.272780024117,637.733421425424,511.824516673851,454.263228462069,679.732160176777,546.44112330704,899.197671128153,592.609691487927,596.628478227201,672.400863090868,575.688671852066,538.684533969558,503.25773613607,643.370657306306,601.344863524979,844.851128460373,485.122176247621,488.921348415008,530.076820420269,558.820531709507,373.121459335101,167.044615167281,243.877019091597,643.732402564835,94.6200269496038,165.374143470662,318.689315007287,2.49709233874455,5.62275630654767,161.386983701113,46.6821864915121,155.029536748818,6.98893673950806,365.428302697008,4.92136106593534,5.70222354959697,123.39746785177,6.17636163253337,325.212907491605,70.0066693111858
"g74",323.104209672511,147.77760396421,147.707222343502,453.536400352498,514.872086915304,508.144652549114,475.893495320086,486.857882859611,722.830686255402,520.898544465137,299.629213019821,641.978241900514,675.704073457103,730.127082375981,845.706851608855,585.194603054651,527.296601301895,872.426166116316,720.400401589377,484.258923641623,477.929119669867,452.529730993139,512.750856979483,472.210749996201,248.555342376784,440.540807091487,273.835177040189,119.228311508632,354.330289026957,833.495328295412,216.592715581857,85.6013889609304,466.119683291618,209.851154170273,146.242439662462,254.467138466284,0.22618911229074,9.28253928897902,75.6024728489624,73.0402292202188,217.601133685226,93.9470495791756,254.661086873114,169.023095250888,227.372568305724,0.9272521128878,609.010314127734,290.743377991226,300.14728991093,110.725683209125
"g75",796.62367561945,422.535847354909,698.954250896198,376.37477280995,369.596559287064,727.9341828695,820.227003203133,504.499615720074,769.505595619394,429.217709520895,548.912310946427,860.837117970558,699.009544108918,920.244042762115,802.055229086521,813.219565690658,925.198035776768,484.014993029238,980.687258393466,742.434072838647,419.667486637747,828.159274521019,520.555269850239,468.230106626735,556.658587472327,353.150000554162,290.907526852639,388.529113324371,166.633965213766,496.783488119377,341.926423259443,393.549297567401,55.3708486383966,7.71636221092194,287.752018045315,74.6698180497281,426.003467036607,3.46641355659813,2.48695615213364,9.32940242113546,149.373206614402,1.31664558116302,1.18805576115847,393.496313588296,4.3277983048855,48.5904718263648,202.214183880787,8.74671692261472,384.148700840481,114.223924909892
"g76",3,1,2,7,15,232,3,4,24,44,1,2,17,26,101,306,42,25,26,4,84,1,4,54,5,41,5,3,93,36,193,12,87,3,26,56,186,50,6,16,101,4,39,66,1,127,45,152,64,66
"g77",10,56,26,5,12,56,1,4,1,12,11,3,1,27,14,1,8,247,4,1,18,2,29,2,1,8,1,69,38,30,1,38,49,7,23,21,7,178,55,18,140,13,11,5,6,4,82,14,1,75
"g78",1,11,9,29,3,1,76,26,25,1,22,10,15,1,42,76,2,37,15,11,1,2,6,6,4,1,1,13,89,15,16,10,2,8,35,1,3,1,2,21,21,10,2,6,29,68,29,54,10,1
"g79",60,110,129,17,35,34,53,7,134,10,56,164,118,15,107,41,24,1,3,14,403,295,29,165,6,1,6,24,47,3,4,79,18,20,42,128,47,122,138,17,124,3,20,25,62,33,196,39,1,173
"g80",111,197,549,24,175,427,132,207,42,809,349,201,497,70,175,190,562,118,505,341,325,422,222,178,234,773,82,415,14,118,577,208,291,413,21,115,257,164,1019,170,327,201,52,118,217,257,688,179,43,133
"g81",534,534,949,306,1039,413,815,683,640,1445,714,1045,947,534,1040,309,780,811,571,649,1509,1010,694,1042,706,669,863,980,432,371,884,1223,1578,1054,527,778,669,972,1060,887,678,1134,860,1157,581,857,1069,592,981,551
"g82",423,1555,869,400,1020,466,852,609,771,1053,469,545,675,599,1200,1067,2050,630,784,1098,484,1155,1126,695,693,806,937,476,864,734,1065,472,579,1012,1141,754,535,640,363,712,267,708,507,1069,615,1242,1077,873,455,588
"g83",58,1,195,1,14,3,7,2,1,25,1,12,190,7,23,3,33,1,30,56,29,91,37,26,40,164,20,348,29,1,56,32,10,3,3,336,15,112,183,218,10,92,47,193,53,58,7,9,1,13
"g84",1708,1565,1487,2431,2424,2038,2430,2220,2377,2203,2011,2580,1601,2286,2293,2493,1440,1785,2185,2125,2409,1994,1297,1820,2199,1279,1150,1857,2009,2395,930,1384,2427,1538,2070,1947,2939,2191,1742,2507,1560,3027,1865,1921,2161,1870,2397,1554,1749,1810
"g85",133,514,112,35,46,315,440,492,348,46,581,13,338,205,311,1267,123,107,344,175,25,256,252,148,249,96,247,250,115,709,401,821,94,202,264,123,891,534,65,75,579,360,17,161,322,479,96,6,64,1165
"g86",173,309,339,934,232,156,821,147,657,200,593,797,110,310,330,328,419,62,271,203,2470,558,3,493,1341,247,397,588,1884,404,157,316,757,343,233,1175,223,660,57,258,219,41,42,150,748,284,51,543,12,66
"g87",5,36,2,38,2,35,80,6,279,218,11,42,5,10,53,3,66,24,3,23,7,36,3,14,25,17,155,399,1,176,96,9,72,102,2,326,2,15,123,137,1,68,11,146,110,1,2,4,7,3
"g88",5,134,57,58,81,17,12,4,12,5,111,15,10,71,1,22,15,19,27,28,12,8,5,5,45,229,37,14,9,22,4,33,1,15,18,67,288,7,4,23,99,15,44,55,164,3,31,1,69,8
"g89",600,1040,687,2065,358,1464,336,87,640,608,424,533,1749,1006,1582,348,580,548,357,1626,315,775,619,1606,698,869,789,853,310,856,550,506,219,852,280,338,753,367,1275,543,1621,765,659,521,360,1282,1755,827,814,913
"g90",126,456,268,247,61,183,105,131,210,44,3,232,153,101,255,276,254,256,42,152,84,164,10,171,465,63,164,198,53,7,107,34,67,626,4,156,18,94,337,10,76,71,26,129,256,240,64,38,17,220
"g91",8,105,186,957,619,17,970,27,1,4,432,11,3,11,3,8,4,15,274,11,778,109,87,183,431,44,41,1,18,123,2,21,152,57,1,76,485,55,9,183,46,14,67,18,20,58,63,15,658,24
"g92",6,13,1,14,3,362,73,1,38,5,5,523,407,1882,121,53,16,86,1,40,2,13,98,200,332,2,48,168,33,97,181,14,193,607,4,51,49,10,248,1,484,195,1,15,387,34,33,35,17,3
"g93",136,80,3,456,18,18,3,18,523,48,109,5,194,4,17,115,426,81,30,9,16,46,503,2,60,13,4,5,8,9,185,276,352,102,3,221,296,7,18,64,60,330,39,28,133,9,9,47,183,78
"g94",789,1062,1132,272,466,506,2600,169,1245,399,524,362,264,473,820,695,702,921,699,646,1132,755,1285,599,493,887,851,450,726,302,863,607,863,1543,225,207,396,782,1047,834,949,1631,700,683,299,338,608,305,304,878
"g95",69,56,63,128,57,84,145,99,71,73,226,113,140,109,160,48,59,54,36,144,144,95,53,61,26,118,76,30,85,84,62,166,51,83,95,84,117,89,134,53,66,58,55,184,103,46,74,124,143,62
"g96",25,58,6,27,98,9,1,68,67,1,7,25,8,66,1,1,30,5,112,72,4,12,7,1,36,1,7,58,1,9,4,10,26,47,7,44,15,9,4,7,2,43,5,4,43,12,7,5,3,7
"g97",26,89,19,3,250,34,14,10,17,2,2,1,7,11,34,97,4,2,7,1,2,48,1,9,3,11,2,1,10,17,3,1,8,19,1,47,1,26,16,5,68,125,7,3,18,41,24,85,4,2
"g98",1042,19,184,111,141,209,682,12,17,207,89,38,121,62,412,31,124,66,157,303,119,119,11,51,112,40,145,220,158,341,201,23,324,220,28,275,31,37,166,155,105,188,265,350,21,82,105,70,82,414
"g99",53,153,1102,41,247,4,38,374,159,620,293,746,17,399,57,656,84,610,185,152,44,1131,248,41,460,140,610,102,266,45,129,282,574,443,191,126,190,526,63,76,186,579,46,1109,18,398,158,411,203,53
"g100",96,170,48,3,151,3,1,15,10,496,68,251,53,64,11,130,6,143,173,68,92,116,33,7,14,48,7,149,279,100,25,10,2,4,28,13,42,70,55,100,2,36,22,5,49,37,33,285,3,19
